accuracy,decision_threshold,event_frac_thresh,extra_features,f1,include_track_ids,iou_thresh,label_mode,model,model_type,param_clf__C,param_colsample_bytree,param_learning_rate,param_max_depth,param_max_features,param_min_samples_leaf,param_min_samples_split,param_n_estimators,param_num_leaves,param_scale_pos_weight,param_subsample,pr_auc,precision,pred_version,recall,roc_auc,run_ts,seed,step_size,threshold,tp_count_thresh,tuned,val_frac,window_size
0.8310502283105022,0.5,,,0.6185567010309279,False,0.1,tp_count,logreg,tree,0.1,,,,,,,,,,,0.6021895633122203,0.5405405405405406,v0_bt,0.7228915662650602,0.8896996436450025,2025-12-14 17:13:33.287044,42,30,0.55,1.0,True,0.3,60
0.8264840182648402,0.5,,,0.680672268907563,False,0.1,tp_count,rf,tree,,,,5.0,0.5,2.0,2.0,200.0,,,,0.615272497220216,0.5225806451612903,v0_bt,0.9759036144578314,0.9138978449007296,2025-12-14 17:13:33.287044,42,30,0.25,1.0,True,0.3,60
0.8424657534246576,0.5,,,0.6820276497695853,False,0.1,tp_count,xgb,tree,,1.0,0.05,5.0,,,,200.0,,7.0,0.6,0.6572288727159953,0.5522388059701493,v0_bt,0.891566265060241,0.9183777362973018,2025-12-14 17:13:33.287044,42,30,0.05,1.0,True,0.3,60
0.8584474885844748,0.5,,,0.6309523809523809,False,0.1,tp_count,lgbm,tree,,0.8,0.1,,,,,200.0,63.0,,0.8,0.6452924126174457,0.6235294117647059,v0_bt,0.6385542168674698,0.920651620566774,2025-12-14 17:13:33.287044,42,30,0.05,1.0,True,0.3,60
0.826865671641791,0.5,,,0.6506024096385542,False,0.1,tp_count,logreg,tree,0.3,,,,,,,,,,,0.6074275102257554,0.54,v0_bt,0.8181818181818182,0.8991213247718823,2025-12-14 17:14:29.040733,42,45,0.45,1.0,True,0.3,90
0.8626865671641791,0.5,,,0.7261904761904762,False,0.1,tp_count,rf,tree,,,,5.0,log2,1.0,2.0,200.0,,,,0.6919829955435466,0.5980392156862745,v0_bt,0.9242424242424242,0.928748451053284,2025-12-14 17:14:29.040733,42,45,0.3,1.0,True,0.3,90
0.8477611940298507,0.5,,,0.6622516556291391,False,0.1,tp_count,xgb,tree,,1.0,0.05,4.0,,,,300.0,,5.0,0.6,0.6375286218627534,0.5882352941176471,v0_bt,0.7575757575757576,0.915737298636927,2025-12-14 17:14:29.040733,42,45,0.05,1.0,True,0.3,90
0.8626865671641791,0.5,,,0.6515151515151515,False,0.1,tp_count,lgbm,tree,,0.8,0.05,,,,,300.0,63.0,,1.0,0.6100967330606359,0.6515151515151515,v0_bt,0.6515151515151515,0.9165258533288272,2025-12-14 17:14:29.040733,42,45,0.05,1.0,True,0.3,90
0.8120567375886525,0.5,,,0.5954198473282443,False,0.1,tp_count,logreg,tree,0.3,,,,,,,,,,,0.5753131486664675,0.5131578947368421,v0_bt,0.7090909090909091,0.8672006407689228,2025-12-14 17:15:16.184406,42,60,0.45,1.0,True,0.3,120
0.851063829787234,0.5,,,0.7,False,0.1,tp_count,rf,tree,,,,5.0,log2,1.0,2.0,200.0,,,,0.6730207793497837,0.5764705882352941,v0_bt,0.8909090909090909,0.9225470564677614,2025-12-14 17:15:16.184406,42,60,0.25,1.0,True,0.3,120
0.8829787234042553,0.5,,,0.7130434782608696,False,0.1,tp_count,xgb,tree,,1.0,0.05,4.0,,,,300.0,,5.0,0.6,0.6869865880950214,0.6833333333333333,v0_bt,0.7454545454545455,0.9281537845414498,2025-12-14 17:15:16.184406,42,60,0.1,1.0,True,0.3,120
0.8368794326241135,0.5,,,0.6933333333333334,False,0.1,tp_count,lgbm,tree,,1.0,0.01,,,,,200.0,31.0,,0.6,0.6619144909990281,0.5473684210526316,v0_bt,0.9454545454545454,0.9152583099719664,2025-12-14 17:15:16.184406,42,60,0.2,1.0,True,0.3,120
0.7926829268292683,0.5,,,0.6106870229007634,False,0.1,tp_count,logreg,tree,0.1,,,,,,,,,,,0.5700693050613181,0.4938271604938271,v0_bt,0.8,0.8629591836734694,2025-12-14 17:16:01.965835,42,75,0.4,1.0,True,0.3,150
0.8414634146341463,0.5,,,0.7111111111111111,False,0.1,tp_count,rf,tree,,,,5.0,log2,2.0,10.0,300.0,,,,0.6994545325611049,0.5647058823529412,v0_bt,0.96,0.9256122448979592,2025-12-14 17:16:01.965835,42,75,0.2,1.0,True,0.3,150
0.8699186991869918,0.5,,,0.7192982456140351,False,0.1,tp_count,xgb,tree,,1.0,0.02,4.0,,,,300.0,,9.0,0.6,0.7366690640373093,0.640625,v0_bt,0.82,0.9347959183673468,2025-12-14 17:16:01.965835,42,75,0.15,1.0,True,0.3,150
0.8739837398373984,0.5,,,0.7479674796747967,False,0.1,tp_count,lgbm,tree,,0.6,0.01,,,,,500.0,63.0,,0.8,0.7142432852817276,0.6301369863013698,v0_bt,0.92,0.929795918367347,2025-12-14 17:16:01.965835,42,75,0.1,1.0,True,0.3,150
0.8744292237442922,0.5,,,0.5985401459854015,False,0.1,tp_count,logreg,tree,0.3,,,,,,,,,,,0.5428454942883558,0.6507936507936508,v0_bt,0.5540540540540541,0.8822022572022572,2025-12-14 17:17:05.304991,42,30,0.7000000000000001,2.0,True,0.3,60
0.8470319634703196,0.5,,,0.6824644549763034,False,0.1,tp_count,rf,tree,,,,5.0,log2,2.0,10.0,300.0,,,,0.620406862506418,0.5255474452554745,v0_bt,0.972972972972973,0.9251188001188002,2025-12-14 17:17:05.304991,42,30,0.25,2.0,True,0.3,60
0.8584474885844748,0.5,,,0.6666666666666666,False,0.1,tp_count,xgb,tree,,1.0,0.05,4.0,,,,300.0,,5.0,0.6,0.6696178763592047,0.5535714285714286,v0_bt,0.8378378378378378,0.9274576774576776,2025-12-14 17:17:05.304991,42,30,0.05,2.0,True,0.3,60
0.8447488584474886,0.5,,,0.6382978723404256,False,0.1,tp_count,lgbm,tree,,1.0,0.01,,,,,300.0,15.0,,0.8,0.6417652666050441,0.5263157894736842,v0_bt,0.8108108108108109,0.9170626670626671,2025-12-14 17:17:05.304991,42,30,0.2,2.0,True,0.3,60
0.8,0.5,,,0.5988023952095808,False,0.1,tp_count,logreg,tree,0.3,,,,,,,,,,,0.5007038135056401,0.4545454545454545,v0_bt,0.8771929824561403,0.8745424712861289,2025-12-14 17:17:59.706550,42,45,0.35,2.0,True,0.3,90
0.8776119402985074,0.5,,,0.6771653543307087,False,0.1,tp_count,rf,tree,,,,5.0,log2,1.0,2.0,200.0,,,,0.6490153428799867,0.6142857142857143,v0_bt,0.7543859649122807,0.9249652909251546,2025-12-14 17:17:59.706550,42,45,0.55,2.0,True,0.3,90
0.8716417910447761,0.5,,,0.6766917293233082,False,0.1,tp_count,xgb,tree,,1.0,0.05,5.0,,,,200.0,,7.0,0.6,0.6268666350742851,0.5921052631578947,v0_bt,0.7894736842105263,0.9237662501577684,2025-12-14 17:17:59.706550,42,45,0.25,2.0,True,0.3,90
0.8746268656716418,0.5,,,0.6818181818181818,False,0.1,tp_count,lgbm,tree,,0.6,0.01,,,,,200.0,31.0,,1.0,0.6705333722200844,0.6,v0_bt,0.7894736842105263,0.925722579830872,2025-12-14 17:17:59.706550,42,45,0.5,2.0,True,0.3,90
0.8014184397163121,0.5,,,0.5555555555555556,False,0.1,tp_count,logreg,tree,0.3,,,,,,,,,,,0.4737821727301249,0.4605263157894737,v0_bt,0.7,0.8406034482758621,2025-12-14 17:18:47.147240,42,60,0.45,2.0,True,0.3,120
0.8475177304964538,0.5,,,0.6861313868613139,False,0.1,tp_count,rf,tree,,,,5.0,0.5,1.0,2.0,500.0,,,,0.6760218842542032,0.5402298850574713,v0_bt,0.94,0.9262931034482758,2025-12-14 17:18:47.147240,42,60,0.2,2.0,True,0.3,120
0.8829787234042553,0.5,,,0.6732673267326733,False,0.1,tp_count,xgb,tree,,1.0,0.05,4.0,,,,300.0,,5.0,0.6,0.6639086396695016,0.6666666666666666,v0_bt,0.68,0.9260344827586208,2025-12-14 17:18:47.147240,42,60,0.2,2.0,True,0.3,120
0.8617021276595744,0.5,,,0.6829268292682927,False,0.1,tp_count,lgbm,tree,,0.8,0.01,,,,,200.0,15.0,,0.6,0.6943203739522342,0.5753424657534246,v0_bt,0.84,0.9257758620689654,2025-12-14 17:18:47.147240,42,60,0.4,2.0,True,0.3,120
0.7926829268292683,0.5,,,0.5641025641025641,False,0.1,tp_count,logreg,tree,0.3,,,,,,,,,,,0.525583483640146,0.4520547945205479,v0_bt,0.75,0.8623987398739873,2025-12-14 17:19:31.647391,42,75,0.4,2.0,True,0.3,150
0.8536585365853658,0.5,,,0.7049180327868853,False,0.1,tp_count,rf,tree,,,,5.0,log2,2.0,10.0,300.0,,,,0.6760067488064164,0.5512820512820513,v0_bt,0.9772727272727272,0.9272052205220522,2025-12-14 17:19:31.647391,42,75,0.2,2.0,True,0.3,150
0.8658536585365854,0.5,,,0.6857142857142857,False,0.1,tp_count,xgb,tree,,1.0,0.05,5.0,,,,200.0,,7.0,0.6,0.6880985433007091,0.5901639344262295,v0_bt,0.8181818181818182,0.9238298829882988,2025-12-14 17:19:31.647391,42,75,0.05,2.0,True,0.3,150
0.8902439024390244,0.5,,,0.7272727272727273,False,0.1,tp_count,lgbm,tree,,1.0,0.01,,,,,300.0,15.0,,0.8,0.6884223510948975,0.6545454545454545,v0_bt,0.8181818181818182,0.934968496849685,2025-12-14 17:19:31.647391,42,75,0.3,2.0,True,0.3,150
0.817351598173516,0.5,,,0.5454545454545454,False,0.1,tp_count,logreg,tree,0.1,,,,,,,,,,,0.5445318967785312,0.4528301886792453,v0_bt,0.6857142857142857,0.8733307453416148,2025-12-14 17:20:36.036296,42,30,0.55,3.0,True,0.3,60
0.8447488584474886,0.5,,,0.6458333333333334,False,0.1,tp_count,rf,tree,,,,5.0,log2,1.0,2.0,200.0,,,,0.6064688696975475,0.5081967213114754,v0_bt,0.8857142857142857,0.921972049689441,2025-12-14 17:20:36.036296,42,30,0.35,3.0,True,0.3,60
0.8858447488584474,0.5,,,0.6527777777777778,False,0.1,tp_count,xgb,tree,,0.8,0.05,5.0,,,,500.0,,3.0,0.8,0.6712780259966078,0.6351351351351351,v0_bt,0.6714285714285714,0.9249611801242236,2025-12-14 17:20:36.036296,42,30,0.1,3.0,True,0.3,60
0.8767123287671232,0.5,,,0.625,False,0.1,tp_count,lgbm,tree,,0.6,0.01,,,,,200.0,31.0,,1.0,0.6763438701483722,0.6081081081081081,v0_bt,0.6428571428571429,0.9252329192546584,2025-12-14 17:20:36.036296,42,30,0.5,3.0,True,0.3,60
0.8,0.5,,,0.5786163522012578,False,0.1,tp_count,logreg,tree,0.3,,,,,,,,,,,0.4863773017028108,0.4339622641509434,v0_bt,0.8679245283018868,0.884651411748963,2025-12-14 17:21:28.709428,42,45,0.35,3.0,True,0.3,90
0.8746268656716418,0.5,,,0.6818181818181818,False,0.1,tp_count,rf,tree,,,,5.0,log2,1.0,2.0,200.0,,,,0.6339081253468148,0.569620253164557,v0_bt,0.8490566037735849,0.9268700655693832,2025-12-14 17:21:28.709428,42,45,0.45,3.0,True,0.3,90
0.8656716417910447,0.5,,,0.6456692913385826,False,0.1,tp_count,xgb,tree,,1.0,0.05,5.0,,,,200.0,,7.0,0.6,0.634820140915495,0.5540540540540541,v0_bt,0.7735849056603774,0.9241268566840628,2025-12-14 17:21:28.709428,42,45,0.2,3.0,True,0.3,90
0.8805970149253731,0.5,,,0.6610169491525424,False,0.1,tp_count,lgbm,tree,,1.0,0.01,,,,,200.0,31.0,,0.6,0.7016812629307466,0.6,v0_bt,0.7358490566037735,0.9274053258396896,2025-12-14 17:21:28.709428,42,45,0.45,3.0,True,0.3,90
0.8191489361702128,0.5,,,0.5486725663716814,False,0.1,tp_count,logreg,tree,0.1,,,,,,,,,,,0.4469704674152323,0.4696969696969697,v0_bt,0.6595744680851063,0.8374830239927569,2025-12-14 17:22:14.638703,42,60,0.55,3.0,True,0.3,120
0.8546099290780141,0.5,,,0.6917293233082706,False,0.1,tp_count,rf,tree,,,,5.0,0.5,1.0,2.0,500.0,,,,0.6809125440584604,0.5348837209302325,v0_bt,0.9787234042553192,0.9292892711634224,2025-12-14 17:22:14.638703,42,60,0.15,3.0,True,0.3,120
0.8936170212765957,0.5,,,0.6875,False,0.1,tp_count,xgb,tree,,1.0,0.05,5.0,,,,200.0,,7.0,0.6,0.6506184855296093,0.673469387755102,v0_bt,0.7021276595744681,0.9244001810774106,2025-12-14 17:22:14.638703,42,60,0.3,3.0,True,0.3,120
0.8581560283687943,0.5,,,0.6363636363636364,False,0.1,tp_count,lgbm,tree,,0.8,0.01,,,,,200.0,15.0,,0.6,0.6442359060263965,0.5555555555555556,v0_bt,0.7446808510638298,0.9178813942960616,2025-12-14 17:22:14.638703,42,60,0.35,3.0,True,0.3,120
0.8292682926829268,0.5,,,0.5531914893617021,False,0.1,tp_count,logreg,tree,0.1,,,,,,,,,,,0.4953397307253693,0.490566037735849,v0_bt,0.6341463414634146,0.8623438429506246,2025-12-14 17:22:58.819638,42,75,0.55,3.0,True,0.3,150
0.8536585365853658,0.5,,,0.6896551724137931,False,0.1,tp_count,rf,tree,,,,5.0,log2,2.0,10.0,300.0,,,,0.6706749352439785,0.5333333333333333,v0_bt,0.975609756097561,0.9301606186793576,2025-12-14 17:22:58.819638,42,75,0.2,3.0,True,0.3,150
0.8617886178861789,0.5,,,0.7017543859649122,False,0.1,tp_count,xgb,tree,,1.0,0.02,4.0,,,,300.0,,9.0,0.6,0.6832348419784202,0.547945205479452,v0_bt,0.975609756097561,0.9369422962522308,2025-12-14 17:22:58.819638,42,75,0.05,3.0,True,0.3,150
0.8902439024390244,0.5,,,0.6301369863013698,False,0.1,tp_count,lgbm,tree,,0.8,0.05,,,,,500.0,63.0,,0.6,0.703945952479323,0.71875,v0_bt,0.5609756097560976,0.9185008923259964,2025-12-14 17:22:58.819638,42,75,0.05,3.0,True,0.3,150
0.8812785388127854,0.5,,,0.6,False,0.1,tp_count,logreg,tree,0.1,,,,,,,,,,,0.5851103636580993,0.52,v0_bt,0.7090909090909091,0.9194398291004034,2025-12-14 17:24:02.324482,42,30,0.65,5.0,True,0.3,60
0.8972602739726028,0.5,,,0.6762589928057554,False,0.1,tp_count,rf,tree,,,,5.0,log2,2.0,10.0,300.0,,,,0.6156175560650373,0.5595238095238095,v0_bt,0.8545454545454545,0.9427486351768336,2025-12-14 17:24:02.324482,42,30,0.55,5.0,True,0.3,60
0.9155251141552512,0.5,,,0.7086614173228346,False,0.1,tp_count,xgb,tree,,1.0,0.05,5.0,,,,200.0,,7.0,0.6,0.6632732020767866,0.625,v0_bt,0.8181818181818182,0.9490149537146926,2025-12-14 17:24:02.324482,42,30,0.35,5.0,True,0.3,60
0.91324200913242,0.5,,,0.6984126984126984,False,0.1,tp_count,lgbm,tree,,1.0,0.01,,,,,200.0,31.0,,0.6,0.6733602795277518,0.6197183098591549,v0_bt,0.8,0.9510562544505102,2025-12-14 17:24:02.324482,42,30,0.6000000000000001,5.0,True,0.3,60
0.8388059701492537,0.5,,,0.578125,False,0.1,tp_count,logreg,tree,0.1,,,,,,,,,,,0.4956296801197644,0.4567901234567901,v0_bt,0.7872340425531915,0.8861554373522459,2025-12-14 17:24:56.099115,42,45,0.55,5.0,True,0.3,90
0.8955223880597015,0.5,,,0.7008547008547008,False,0.1,tp_count,rf,tree,,,,5.0,log2,1.0,10.0,500.0,,,,0.613395293012122,0.5857142857142857,v0_bt,0.8723404255319149,0.9358008274231678,2025-12-14 17:24:56.099115,42,45,0.45,5.0,True,0.3,90
0.8955223880597015,0.5,,,0.6788990825688074,False,0.1,tp_count,xgb,tree,,0.6,0.1,4.0,,,,200.0,,5.0,0.6,0.6306167106532953,0.5967741935483871,v0_bt,0.7872340425531915,0.9352836879432624,2025-12-14 17:24:56.099115,42,45,0.2,5.0,True,0.3,90
0.8925373134328358,0.5,,,0.6949152542372882,False,0.1,tp_count,lgbm,tree,,0.6,0.01,,,,,200.0,31.0,,1.0,0.6313924307026059,0.5774647887323944,v0_bt,0.8723404255319149,0.9431885342789598,2025-12-14 17:24:56.099115,42,45,0.35,5.0,True,0.3,90
0.8404255319148937,0.5,,,0.5544554455445545,False,0.1,tp_count,logreg,tree,0.3,,,,,,,,,,,0.479804705212532,0.4444444444444444,v0_bt,0.7368421052631579,0.884167385677308,2025-12-14 17:25:40.184306,42,60,0.5,5.0,True,0.3,120
0.8971631205673759,0.5,,,0.6813186813186813,False,0.1,tp_count,rf,tree,,,,5.0,0.5,2.0,2.0,200.0,,,,0.6840328136755417,0.5849056603773585,v0_bt,0.8157894736842105,0.946074201898188,2025-12-14 17:25:40.184306,42,60,0.4,5.0,True,0.3,120
0.9148936170212766,0.5,,,0.7142857142857143,False,0.1,tp_count,xgb,tree,,0.8,0.01,3.0,,,,500.0,,7.0,0.6,0.6742999838125441,0.6521739130434783,v0_bt,0.7894736842105263,0.9479076790336496,2025-12-14 17:25:40.184306,42,60,0.5,5.0,True,0.3,120
0.900709219858156,0.5,,,0.6956521739130435,False,0.1,tp_count,lgbm,tree,,0.8,0.01,,,,,200.0,15.0,,0.6,0.6843055674918505,0.5925925925925926,v0_bt,0.8421052631578947,0.9437014667817084,2025-12-14 17:25:40.184306,42,60,0.45,5.0,True,0.3,120
0.8699186991869918,0.5,,,0.5897435897435898,False,0.1,tp_count,logreg,tree,0.1,,,,,,,,,,,0.5433149322495241,0.5348837209302325,v0_bt,0.6571428571428571,0.889370345294516,2025-12-14 17:26:20.979058,42,75,0.6000000000000001,5.0,True,0.3,150
0.8943089430894309,0.5,,,0.6904761904761905,False,0.1,tp_count,rf,tree,,,,5.0,log2,1.0,2.0,200.0,,,,0.6383373705075791,0.5918367346938775,v0_bt,0.8285714285714286,0.9355450236966824,2025-12-14 17:26:20.979058,42,75,0.35,5.0,True,0.3,150
0.8943089430894309,0.5,,,0.6829268292682927,False,0.1,tp_count,xgb,tree,,1.0,0.05,4.0,,,,300.0,,5.0,0.6,0.7225782508016948,0.5957446808510638,v0_bt,0.8,0.9451591062965472,2025-12-14 17:26:20.979058,42,75,0.1,5.0,True,0.3,150
0.8902439024390244,0.5,,,0.6966292134831461,False,0.1,tp_count,lgbm,tree,,0.8,0.02,,,,,200.0,15.0,,1.0,0.7432909454380131,0.5740740740740741,v0_bt,0.8857142857142857,0.9523358158429248,2025-12-14 17:26:20.979058,42,75,0.15,5.0,True,0.3,150
0.6232876712328768,0.5,0.1,,0.5161290322580645,False,0.1,event_frac,logreg,tree,0.3,,,,,,,,,,,0.4496829701110529,0.419047619047619,v0_bt,0.6717557251908397,0.6611631896958998,2025-12-14 17:27:29.439892,42,30,0.45,,True,0.3,60
0.7579908675799086,0.5,0.1,,0.6102941176470589,False,0.1,event_frac,rf,tree,,,,10.0,sqrt,4.0,2.0,200.0,,,,0.5986683256120198,0.5886524822695035,v0_bt,0.6335877862595419,0.7509510903349329,2025-12-14 17:27:29.439892,42,30,0.35,,True,0.3,60
0.723744292237443,0.5,0.1,,0.5363984674329502,False,0.1,event_frac,xgb,tree,,1.0,0.05,5.0,,,,200.0,,7.0,0.6,0.5360509531062474,0.5384615384615384,v0_bt,0.5343511450381679,0.6852574781808687,2025-12-14 17:27:29.439892,42,30,0.25,,True,0.3,60
0.7511415525114156,0.5,0.1,,0.6175438596491228,False,0.1,event_frac,lgbm,tree,,0.6,0.01,,,,,200.0,31.0,,1.0,0.6011793605886889,0.5714285714285714,v0_bt,0.6717557251908397,0.7478678170922743,2025-12-14 17:27:29.439892,42,30,0.35,,True,0.3,60
0.5402985074626866,0.5,0.1,,0.5126582278481012,False,0.1,event_frac,logreg,tree,0.3,,,,,,,,,,,0.4562692594712552,0.3767441860465116,v0_bt,0.801980198019802,0.6520690530591523,2025-12-14 17:28:26.167466,42,45,0.3,,True,0.3,90
0.7940298507462686,0.5,0.1,,0.649746192893401,False,0.1,event_frac,rf,tree,,,,20.0,log2,4.0,10.0,500.0,,,,0.6157529233816491,0.6666666666666666,v0_bt,0.6336633663366337,0.7711771177117713,2025-12-14 17:28:26.167466,42,45,0.4,,True,0.3,90
0.7731343283582089,0.5,0.1,,0.6,False,0.1,event_frac,xgb,tree,,0.8,0.05,5.0,,,,200.0,,5.0,0.8,0.5546066309168192,0.6404494382022472,v0_bt,0.5643564356435643,0.7284843869002284,2025-12-14 17:28:26.167466,42,45,0.3,,True,0.3,90
0.7611940298507462,0.5,0.1,,0.5652173913043478,False,0.1,event_frac,lgbm,tree,,0.8,0.05,,,,,500.0,15.0,,0.6,0.5600996358155435,0.6265060240963856,v0_bt,0.5148514851485149,0.7164678006262165,2025-12-14 17:28:26.167466,42,45,0.05,,True,0.3,90
0.5531914893617021,0.5,0.1,,0.5190839694656488,False,0.1,event_frac,logreg,tree,0.3,,,,,,,,,,,0.4473697088225509,0.3863636363636363,v0_bt,0.7906976744186046,0.6557308970099668,2025-12-14 17:29:13.115313,42,60,0.3,,True,0.3,120
0.74822695035461,0.5,0.1,,0.6033519553072626,False,0.1,event_frac,rf,tree,,,,10.0,log2,1.0,10.0,300.0,,,,0.590595387633541,0.5806451612903226,v0_bt,0.627906976744186,0.7538561936402468,2025-12-14 17:29:13.115313,42,60,0.35,,True,0.3,120
0.7269503546099291,0.5,0.1,,0.5497076023391813,False,0.1,event_frac,xgb,tree,,0.8,0.05,5.0,,,,200.0,,9.0,1.0,0.5466847553606509,0.5529411764705883,v0_bt,0.5465116279069767,0.7055647840531563,2025-12-14 17:29:13.115313,42,60,0.35,,True,0.3,120
0.648936170212766,0.5,0.1,,0.5638766519823789,False,0.1,event_frac,lgbm,tree,,0.8,0.05,,,,,200.0,15.0,,1.0,0.5488533059335315,0.4539007092198581,v0_bt,0.7441860465116279,0.7101922164214522,2025-12-14 17:29:13.115313,42,60,0.05,,True,0.3,120
0.6260162601626016,0.5,0.1,,0.5445544554455446,False,0.1,event_frac,logreg,tree,1.0,,,,,,,,,,,0.4446325020498678,0.4330708661417323,v0_bt,0.7333333333333333,0.6672124756335283,2025-12-14 17:29:57.797356,42,75,0.3,,True,0.3,150
0.7642276422764228,0.5,0.1,,0.6419753086419753,False,0.1,event_frac,rf,tree,,,,20.0,log2,4.0,10.0,500.0,,,,0.6475379961695624,0.5977011494252874,v0_bt,0.6933333333333334,0.7798830409356726,2025-12-14 17:29:57.797356,42,75,0.35,,True,0.3,150
0.6300813008130082,0.5,0.1,,0.5645933014354066,False,0.1,event_frac,xgb,tree,,0.8,0.05,5.0,,,,300.0,,5.0,0.8,0.5869241985208056,0.4402985074626865,v0_bt,0.7866666666666666,0.7309161793372319,2025-12-14 17:29:57.797356,42,75,0.05,,True,0.3,150
0.7479674796747967,0.5,0.1,,0.5373134328358209,False,0.1,event_frac,lgbm,tree,,0.8,0.05,,,,,500.0,63.0,,0.6,0.5374300025346972,0.6101694915254238,v0_bt,0.48,0.7093177387914229,2025-12-14 17:29:57.797356,42,75,0.05,,True,0.3,150
0.589041095890411,0.5,0.2,,0.5161290322580645,False,0.1,event_frac,logreg,tree,0.3,,,,,,,,,,,0.4437798518857662,0.3950617283950617,v0_bt,0.7441860465116279,0.670103610044906,2025-12-14 17:31:05.395517,42,30,0.4,,True,0.3,60
0.7990867579908676,0.5,0.2,,0.6422764227642277,False,0.1,event_frac,rf,tree,,,,5.0,log2,2.0,10.0,300.0,,,,0.5827314765670573,0.6752136752136753,v0_bt,0.6124031007751938,0.7613958505807681,2025-12-14 17:31:05.395517,42,30,0.5,,True,0.3,60
0.6894977168949772,0.5,0.2,,0.5496688741721855,False,0.1,event_frac,xgb,tree,,0.6,0.1,4.0,,,,200.0,,5.0,0.6,0.5382722743746756,0.4797687861271676,v0_bt,0.6434108527131783,0.7032939464639621,2025-12-14 17:31:05.395517,42,30,0.1,,True,0.3,60
0.7579908675799086,0.5,0.2,,0.624113475177305,False,0.1,event_frac,lgbm,tree,,0.6,0.01,,,,,200.0,31.0,,1.0,0.6094491995808716,0.5751633986928104,v0_bt,0.6821705426356589,0.7565289380597576,2025-12-14 17:31:05.395517,42,30,0.35,,True,0.3,60
0.573134328358209,0.5,0.2,,0.5119453924914675,False,0.1,event_frac,logreg,tree,0.3,,,,,,,,,,,0.4585301508570151,0.38860103626943,v0_bt,0.75,0.6588510638297871,2025-12-14 17:32:02.889232,42,45,0.35,,True,0.3,90
0.8029850746268656,0.5,0.2,,0.6451612903225806,False,0.1,event_frac,rf,tree,,,,5.0,log2,4.0,2.0,200.0,,,,0.611021622068243,0.6976744186046512,v0_bt,0.6,0.7760425531914893,2025-12-14 17:32:02.889232,42,45,0.5,,True,0.3,90
0.7343283582089553,0.5,0.2,,0.5972850678733032,False,0.1,event_frac,xgb,tree,,0.8,0.05,5.0,,,,200.0,,9.0,1.0,0.5812621428975058,0.5454545454545454,v0_bt,0.66,0.7404255319148936,2025-12-14 17:32:02.889232,42,45,0.25,,True,0.3,90
0.7492537313432835,0.5,0.2,,0.631578947368421,False,0.1,event_frac,lgbm,tree,,0.8,0.01,,,,,200.0,63.0,,1.0,0.6010091879082394,0.5625,v0_bt,0.72,0.7556595744680851,2025-12-14 17:32:02.889232,42,45,0.35,,True,0.3,90
0.5354609929078015,0.5,0.2,,0.5270758122743683,False,0.1,event_frac,logreg,tree,0.3,,,,,,,,,,,0.4450568961848992,0.3802083333333333,v0_bt,0.8588235294117647,0.6610928635413555,2025-12-14 17:32:52.575250,42,60,0.25,,True,0.3,120
0.7836879432624113,0.5,0.2,,0.6303030303030303,False,0.1,event_frac,rf,tree,,,,5.0,log2,1.0,2.0,200.0,,,,0.6054083617042585,0.65,v0_bt,0.611764705882353,0.7593908629441625,2025-12-14 17:32:52.575250,42,60,0.45,,True,0.3,120
0.6170212765957447,0.5,0.2,,0.5135135135135135,False,0.1,event_frac,xgb,tree,,1.0,0.05,4.0,,,,300.0,,5.0,0.6,0.5125336612089981,0.4160583941605839,v0_bt,0.6705882352941176,0.6683786204837265,2025-12-14 17:32:52.575250,42,60,0.1,,True,0.3,120
0.6950354609929078,0.5,0.2,,0.5376344086021505,False,0.1,event_frac,lgbm,tree,,1.0,0.02,,,,,500.0,31.0,,1.0,0.5556528812494116,0.495049504950495,v0_bt,0.5882352941176471,0.708510002985966,2025-12-14 17:32:52.575250,42,60,0.05,,True,0.3,120
0.6178861788617886,0.5,0.2,,0.5346534653465347,False,0.1,event_frac,logreg,tree,1.0,,,,,,,,,,,0.4506118606656966,0.421875,v0_bt,0.7297297297297297,0.6645191703331239,2025-12-14 17:33:37.708256,42,75,0.3,,True,0.3,150
0.7723577235772358,0.5,0.2,,0.6216216216216216,False,0.1,event_frac,rf,tree,,,,,sqrt,1.0,5.0,500.0,,,,0.65916004383278,0.6216216216216216,v0_bt,0.6216216216216216,0.7851194217473287,2025-12-14 17:33:37.708256,42,75,0.3,,True,0.3,150
0.8008130081300813,0.5,0.2,,0.608,False,0.1,event_frac,xgb,tree,,0.8,0.05,5.0,,,,200.0,,5.0,0.8,0.6019913148537025,0.7450980392156863,v0_bt,0.5135135135135135,0.7398648648648649,2025-12-14 17:33:37.708256,42,75,0.5,,True,0.3,150
0.7276422764227642,0.5,0.2,,0.4885496183206106,False,0.1,event_frac,lgbm,tree,,1.0,0.05,,,,,500.0,63.0,,1.0,0.5238341664517647,0.5614035087719298,v0_bt,0.4324324324324324,0.7048240100565681,2025-12-14 17:33:37.708256,42,75,0.05,,True,0.3,150
0.547945205479452,0.5,0.3,,0.5123152709359606,False,0.1,event_frac,logreg,tree,0.3,,,,,,,,,,,0.4429951133737033,0.3741007194244604,v0_bt,0.8125,0.6696824596774194,2025-12-14 17:34:45.617974,42,30,0.35,,True,0.3,60
0.7214611872146118,0.5,0.3,,0.5933333333333334,False,0.1,event_frac,rf,tree,,,,10.0,sqrt,4.0,2.0,200.0,,,,0.5765148861368066,0.5174418604651163,v0_bt,0.6953125,0.7455393145161291,2025-12-14 17:34:45.617974,42,30,0.3,,True,0.3,60
0.7511415525114156,0.5,0.3,,0.5439330543933054,False,0.1,event_frac,xgb,tree,,1.0,0.05,5.0,,,,200.0,,7.0,0.6,0.5207374379662894,0.5855855855855856,v0_bt,0.5078125,0.694077620967742,2025-12-14 17:34:45.617974,42,30,0.3,,True,0.3,60
0.7420091324200914,0.5,0.3,,0.6035087719298246,False,0.1,event_frac,lgbm,tree,,0.6,0.01,,,,,200.0,31.0,,1.0,0.579416484562387,0.5477707006369427,v0_bt,0.671875,0.7549899193548387,2025-12-14 17:34:45.617974,42,30,0.35,,True,0.3,60
0.582089552238806,0.5,0.3,,0.5138888888888888,False,0.1,event_frac,logreg,tree,0.3,,,,,,,,,,,0.4607992031765283,0.3915343915343915,v0_bt,0.7474747474747475,0.6583204930662558,2025-12-14 17:35:42.003598,42,45,0.35,,True,0.3,90
0.7671641791044777,0.5,0.3,,0.6422018348623854,False,0.1,event_frac,rf,tree,,,,5.0,log2,4.0,10.0,200.0,,,,0.588183945789898,0.5882352941176471,v0_bt,0.7070707070707071,0.7726844718370143,2025-12-14 17:35:42.003598,42,45,0.4,,True,0.3,90
0.7791044776119403,0.5,0.3,,0.6407766990291263,False,0.1,event_frac,xgb,tree,,0.6,0.01,5.0,,,,200.0,,5.0,0.8,0.5914555099384639,0.616822429906542,v0_bt,0.6666666666666666,0.7655367231638418,2025-12-14 17:35:42.003598,42,45,0.5,,True,0.3,90
0.7283582089552239,0.5,0.3,,0.6127659574468085,False,0.1,event_frac,lgbm,tree,,1.0,0.01,,,,,200.0,31.0,,0.6,0.5797782672420262,0.5294117647058824,v0_bt,0.7272727272727273,0.7413542201677795,2025-12-14 17:35:42.003598,42,45,0.35,,True,0.3,90
0.624113475177305,0.5,0.3,,0.5137614678899083,False,0.1,event_frac,logreg,tree,0.3,,,,,,,,,,,0.4195297267119399,0.4148148148148148,v0_bt,0.6746987951807228,0.6512683901434886,2025-12-14 17:36:29.525902,42,60,0.4,,True,0.3,120
0.7269503546099291,0.5,0.3,,0.5837837837837838,False,0.1,event_frac,rf,tree,,,,10.0,log2,1.0,10.0,300.0,,,,0.5713855824293839,0.5294117647058824,v0_bt,0.6506024096385542,0.7471695828540292,2025-12-14 17:36:29.525902,42,60,0.3,,True,0.3,120
0.6063829787234043,0.5,0.3,,0.5316455696202531,False,0.1,event_frac,xgb,tree,,0.6,0.1,4.0,,,,200.0,,5.0,0.6,0.4730374347329433,0.4090909090909091,v0_bt,0.7590361445783133,0.6668281164860447,2025-12-14 17:36:29.525902,42,60,0.05,,True,0.3,120
0.7198581560283688,0.5,0.3,,0.4316546762589928,False,0.1,event_frac,lgbm,tree,,1.0,0.1,,,,,200.0,31.0,,1.0,0.4856220786970902,0.5357142857142857,v0_bt,0.3614457831325301,0.6656777865229762,2025-12-14 17:36:29.525902,42,60,0.1,,True,0.3,120
0.4227642276422764,0.5,0.3,,0.4964539007092198,False,0.1,event_frac,logreg,tree,0.1,,,,,,,,,,,0.4231302224671913,0.3333333333333333,v0_bt,0.9722222222222222,0.6552522349936143,2025-12-14 17:37:11.897467,42,75,0.1,,True,0.3,150
0.8048780487804879,0.5,0.3,,0.6619718309859155,False,0.1,event_frac,rf,tree,,,,5.0,log2,1.0,2.0,200.0,,,,0.6477880521746169,0.6714285714285714,v0_bt,0.6527777777777778,0.778176883780332,2025-12-14 17:37:11.897467,42,75,0.4,,True,0.3,150
0.7804878048780488,0.5,0.3,,0.5714285714285714,False,0.1,event_frac,xgb,tree,,0.6,0.1,4.0,,,,200.0,,5.0,0.6,0.5720937624457225,0.6666666666666666,v0_bt,0.5,0.7159961685823754,2025-12-14 17:37:11.897467,42,75,0.35,,True,0.3,150
0.7560975609756098,0.5,0.3,,0.5,False,0.1,event_frac,lgbm,tree,,0.8,0.1,,,,,200.0,63.0,,0.8,0.5229893227035443,0.625,v0_bt,0.4166666666666667,0.6807950191570882,2025-12-14 17:37:11.897467,42,75,0.1,,True,0.3,150
0.5958904109589042,0.5,0.5,,0.512396694214876,False,0.1,event_frac,logreg,tree,0.3,,,,,,,,,,,0.4408058205358304,0.3907563025210084,v0_bt,0.744,0.6740447284345048,2025-12-14 17:38:20.760058,42,30,0.4,,True,0.3,60
0.7945205479452054,0.5,0.5,,0.6186440677966102,False,0.1,event_frac,rf,tree,,,,5.0,log2,4.0,10.0,200.0,,,,0.5588005584499861,0.6576576576576577,v0_bt,0.584,0.7568817891373802,2025-12-14 17:38:20.760058,42,30,0.5,,True,0.3,60
0.678082191780822,0.5,0.5,,0.5087108013937283,False,0.1,event_frac,xgb,tree,,1.0,0.05,4.0,,,,300.0,,5.0,0.6,0.5054391545326745,0.4506172839506173,v0_bt,0.584,0.6776485623003194,2025-12-14 17:38:20.760058,42,30,0.15,,True,0.3,60
0.7054794520547946,0.5,0.5,,0.5770491803278689,False,0.1,event_frac,lgbm,tree,,1.0,0.01,,,,,200.0,31.0,,0.6,0.5647391497461345,0.4888888888888889,v0_bt,0.704,0.74770607028754,2025-12-14 17:38:20.760058,42,30,0.3,,True,0.3,60
0.5761194029850746,0.5,0.5,,0.5034965034965035,False,0.1,event_frac,logreg,tree,0.3,,,,,,,,,,,0.4591169650930533,0.3809523809523809,v0_bt,0.7422680412371134,0.6597938144329897,2025-12-14 17:39:16.856341,42,45,0.35,,True,0.3,90
0.764179104477612,0.5,0.5,,0.6359447004608295,False,0.1,event_frac,rf,tree,,,,5.0,log2,4.0,2.0,200.0,,,,0.5777303538505973,0.575,v0_bt,0.711340206185567,0.7695139911634757,2025-12-14 17:39:16.856341,42,45,0.4,,True,0.3,90
0.7402985074626866,0.5,0.5,,0.5915492957746479,False,0.1,event_frac,xgb,tree,,0.8,0.01,4.0,,,,200.0,,9.0,0.8,0.5665844502078213,0.5431034482758621,v0_bt,0.6494845360824743,0.7427012041930173,2025-12-14 17:39:16.856341,42,45,0.6000000000000001,,True,0.3,90
0.7432835820895523,0.5,0.5,,0.6160714285714286,False,0.1,event_frac,lgbm,tree,,0.6,0.01,,,,,200.0,31.0,,1.0,0.5594629461683294,0.5433070866141733,v0_bt,0.711340206185567,0.7427445204886078,2025-12-14 17:39:16.856341,42,45,0.35,,True,0.3,90
0.5886524822695035,0.5,0.5,,0.5042735042735043,False,0.1,event_frac,logreg,tree,0.3,,,,,,,,,,,0.4331480253345177,0.3831168831168831,v0_bt,0.7375,0.6681930693069308,2025-12-14 17:40:04.171914,42,60,0.35,,True,0.3,120
0.74822695035461,0.5,0.5,,0.5942857142857143,False,0.1,event_frac,rf,tree,,,,5.0,log2,1.0,2.0,200.0,,,,0.5709695882685593,0.5473684210526316,v0_bt,0.65,0.7531559405940593,2025-12-14 17:40:04.171914,42,60,0.4,,True,0.3,120
0.624113475177305,0.5,0.5,,0.4903846153846153,False,0.1,event_frac,xgb,tree,,0.6,0.1,4.0,,,,200.0,,5.0,0.6,0.4932581874362969,0.3984375,v0_bt,0.6375,0.6768564356435645,2025-12-14 17:40:04.171914,42,60,0.05,,True,0.3,120
0.7198581560283688,0.5,0.5,,0.4397163120567376,False,0.1,event_frac,lgbm,tree,,0.8,0.1,,,,,200.0,63.0,,0.8,0.4852712198396287,0.5081967213114754,v0_bt,0.3875,0.6769183168316832,2025-12-14 17:40:04.171914,42,60,0.1,,True,0.3,120
0.6260162601626016,0.5,0.5,,0.5,False,0.1,event_frac,logreg,tree,0.1,,,,,,,,,,,0.42476408858412,0.4035087719298245,v0_bt,0.6571428571428571,0.6643668831168832,2025-12-14 17:40:46.713903,42,75,0.4,,True,0.3,150
0.7357723577235772,0.5,0.5,,0.6242774566473989,False,0.1,event_frac,rf,tree,,,,5.0,log2,1.0,2.0,200.0,,,,0.632039234341979,0.5242718446601942,v0_bt,0.7714285714285715,0.7789772727272728,2025-12-14 17:40:46.713903,42,75,0.3,,True,0.3,150
0.7398373983739838,0.5,0.5,,0.5675675675675675,False,0.1,event_frac,xgb,tree,,1.0,0.05,4.0,,,,300.0,,5.0,0.6,0.5816797001493244,0.5384615384615384,v0_bt,0.6,0.7309253246753247,2025-12-14 17:40:46.713903,42,75,0.15,,True,0.3,150
0.6788617886178862,0.5,0.5,,0.5863874345549738,False,0.1,event_frac,lgbm,tree,,0.6,0.01,,,,,300.0,15.0,,0.6,0.5857259587144849,0.4628099173553719,v0_bt,0.8,0.7526785714285715,2025-12-14 17:40:46.713903,42,75,0.2,,True,0.3,150
0.776255707762557,0.5,,,0.5288461538461539,True,0.1,tp_count,logreg,tree,0.01,,,,,,,,,,,0.5545012228277216,0.44,v0_bt,0.6626506024096386,0.8235533684031903,2025-12-14 17:41:50.626773,42,30,0.55,1.0,True,0.3,60
0.8401826484018264,0.5,,,0.6929824561403509,True,0.1,tp_count,rf,tree,,,,5.0,0.5,1.0,2.0,500.0,,,,0.6431619342035776,0.5448275862068965,v0_bt,0.9518072289156626,0.9199389105718648,2025-12-14 17:41:50.626773,42,30,0.3,1.0,True,0.3,60
0.860730593607306,0.5,,,0.6934673366834171,True,0.1,tp_count,xgb,tree,,0.6,0.1,3.0,,,,300.0,,9.0,0.8,0.7350573286674034,0.5948275862068966,v0_bt,0.8313253012048193,0.9309689462073648,2025-12-14 17:41:50.626773,42,30,0.1,1.0,True,0.3,60
0.8493150684931506,0.5,,,0.7,True,0.1,tp_count,lgbm,tree,,0.8,0.01,,,,,200.0,15.0,,0.6,0.6884626223163955,0.5620437956204379,v0_bt,0.927710843373494,0.9244527405396236,2025-12-14 17:41:50.626773,42,30,0.3,1.0,True,0.3,60
0.8,0.5,,,0.6081871345029239,True,0.1,tp_count,logreg,tree,0.1,,,,,,,,,,,0.5795052526553723,0.4952380952380952,v0_bt,0.7878787878787878,0.8777176974202997,2025-12-14 17:42:43.964012,42,45,0.45,1.0,True,0.3,90
0.8537313432835821,0.5,,,0.7167630057803468,True,0.1,tp_count,rf,tree,,,,5.0,log2,4.0,2.0,200.0,,,,0.6370709107729416,0.5794392523364486,v0_bt,0.9393939393939394,0.9231159175397092,2025-12-14 17:42:43.964012,42,45,0.3,1.0,True,0.3,90
0.8567164179104477,0.5,,,0.6842105263157895,True,0.1,tp_count,xgb,tree,,1.0,0.05,4.0,,,,300.0,,5.0,0.6,0.7011727588493899,0.6046511627906976,v0_bt,0.7878787878787878,0.9213698321505012,2025-12-14 17:42:43.964012,42,45,0.1,1.0,True,0.3,90
0.8835820895522388,0.5,,,0.7346938775510204,True,0.1,tp_count,lgbm,tree,,0.6,0.01,,,,,300.0,15.0,,0.6,0.6610921896115799,0.6666666666666666,v0_bt,0.8181818181818182,0.9284104990424692,2025-12-14 17:42:43.964012,42,45,0.4,1.0,True,0.3,90
0.8297872340425532,0.5,,,0.5932203389830508,True,0.1,tp_count,logreg,tree,0.1,,,,,,,,,,,0.5450512240677154,0.5555555555555556,v0_bt,0.6363636363636364,0.8497396876251502,2025-12-14 17:43:29.619273,42,60,0.55,1.0,True,0.3,120
0.875886524822695,0.5,,,0.6902654867256637,True,0.1,tp_count,rf,tree,,,,5.0,log2,4.0,10.0,200.0,,,,0.6610977470218455,0.6724137931034483,v0_bt,0.7090909090909091,0.9218261914297156,2025-12-14 17:43:29.619273,42,60,0.5,1.0,True,0.3,120
0.875886524822695,0.5,,,0.7286821705426356,True,0.1,tp_count,xgb,tree,,1.0,0.05,5.0,,,,200.0,,7.0,0.6,0.7334977472145171,0.6351351351351351,v0_bt,0.8545454545454545,0.9361633960752904,2025-12-14 17:43:29.619273,42,60,0.1,1.0,True,0.3,120
0.8475177304964538,0.5,,,0.6766917293233082,True,0.1,tp_count,lgbm,tree,,1.0,0.01,,,,,200.0,31.0,,0.6,0.6897695637124676,0.5769230769230769,v0_bt,0.8181818181818182,0.9206247496996396,2025-12-14 17:43:29.619273,42,60,0.3,1.0,True,0.3,120
0.8048780487804879,0.5,,,0.6129032258064516,True,0.1,tp_count,logreg,tree,0.1,,,,,,,,,,,0.5706712624139058,0.5135135135135135,v0_bt,0.76,0.8579591836734693,2025-12-14 17:44:11.867357,42,75,0.45,1.0,True,0.3,150
0.8455284552845529,0.5,,,0.7205882352941176,True,0.1,tp_count,rf,tree,,,,5.0,log2,1.0,2.0,200.0,,,,0.709468334401343,0.5697674418604651,v0_bt,0.98,0.9283673469387754,2025-12-14 17:44:11.867357,42,75,0.15,1.0,True,0.3,150
0.8455284552845529,0.5,,,0.6833333333333333,True,0.1,tp_count,xgb,tree,,1.0,0.05,4.0,,,,300.0,,5.0,0.6,0.7088060872093302,0.5857142857142857,v0_bt,0.82,0.9205102040816326,2025-12-14 17:44:11.867357,42,75,0.05,1.0,True,0.3,150
0.8658536585365854,0.5,,,0.6526315789473685,True,0.1,tp_count,lgbm,tree,,0.8,0.1,,,,,200.0,63.0,,0.8,0.678437169244485,0.6888888888888889,v0_bt,0.62,0.915,2025-12-14 17:44:11.867357,42,75,0.05,1.0,True,0.3,150
0.726027397260274,0.5,,,0.4736842105263157,True,0.1,tp_count,logreg,tree,0.01,,,,,,,,,,,0.5118328739559934,0.3506493506493506,v0_bt,0.7297297297297297,0.8076180576180576,2025-12-14 17:45:14.137887,42,30,0.5,2.0,True,0.3,60
0.8515981735159818,0.5,,,0.6798029556650246,True,0.1,tp_count,rf,tree,,,,5.0,log2,2.0,10.0,300.0,,,,0.5912752128911257,0.5348837209302325,v0_bt,0.9324324324324323,0.9226685476685476,2025-12-14 17:45:14.137887,42,30,0.3,2.0,True,0.3,60
0.863013698630137,0.5,,,0.6703296703296703,True,0.1,tp_count,xgb,tree,,0.6,0.1,4.0,,,,200.0,,5.0,0.6,0.6738955796798582,0.5648148148148148,v0_bt,0.8243243243243243,0.9266038016038016,2025-12-14 17:45:14.137887,42,30,0.1,2.0,True,0.3,60
0.8812785388127854,0.5,,,0.6388888888888888,True,0.1,tp_count,lgbm,tree,,0.8,0.05,,,,,500.0,15.0,,0.6,0.6441051143781621,0.6571428571428571,v0_bt,0.6216216216216216,0.921109296109296,2025-12-14 17:45:14.137887,42,30,0.25,2.0,True,0.3,60
0.8029850746268656,0.5,,,0.5540540540540541,True,0.1,tp_count,logreg,tree,0.1,,,,,,,,,,,0.4747738988641939,0.4505494505494505,v0_bt,0.7192982456140351,0.8495519373974505,2025-12-14 17:46:07.623489,42,45,0.5,2.0,True,0.3,90
0.8537313432835821,0.5,,,0.6878980891719745,True,0.1,tp_count,rf,tree,,,,5.0,0.5,1.0,2.0,500.0,,,,0.6565901060272398,0.54,v0_bt,0.9473684210526316,0.9278051243215952,2025-12-14 17:46:07.623489,42,45,0.25,2.0,True,0.3,90
0.8805970149253731,0.5,,,0.6721311475409836,True,0.1,tp_count,xgb,tree,,0.6,0.1,4.0,,,,200.0,,5.0,0.6,0.6435283757110479,0.6307692307692307,v0_bt,0.7192982456140351,0.9238293575665782,2025-12-14 17:46:07.623489,42,45,0.35,2.0,True,0.3,90
0.8776119402985074,0.5,,,0.6870229007633588,True,0.1,tp_count,lgbm,tree,,0.6,0.01,,,,,200.0,31.0,,1.0,0.6784373206456031,0.6081081081081081,v0_bt,0.7894736842105263,0.929130379906601,2025-12-14 17:46:07.623489,42,45,0.5,2.0,True,0.3,90
0.8191489361702128,0.5,,,0.5486725663716814,True,0.1,tp_count,logreg,tree,0.1,,,,,,,,,,,0.4494785457004404,0.492063492063492,v0_bt,0.62,0.823103448275862,2025-12-14 17:46:53.713739,42,60,0.55,2.0,True,0.3,120
0.8475177304964538,0.5,,,0.6906474820143885,True,0.1,tp_count,rf,tree,,,,5.0,0.5,2.0,2.0,200.0,,,,0.652674133403336,0.5393258426966292,v0_bt,0.96,0.9226724137931036,2025-12-14 17:46:53.713739,42,60,0.15,2.0,True,0.3,120
0.8900709219858156,0.5,,,0.6868686868686869,True,0.1,tp_count,xgb,tree,,1.0,0.05,5.0,,,,200.0,,7.0,0.6,0.6852244453445172,0.6938775510204082,v0_bt,0.68,0.930086206896552,2025-12-14 17:46:53.713739,42,60,0.35,2.0,True,0.3,120
0.8581560283687943,0.5,,,0.6825396825396826,True,0.1,tp_count,lgbm,tree,,0.6,0.01,,,,,200.0,31.0,,1.0,0.6819980858204873,0.5657894736842105,v0_bt,0.86,0.9202586206896552,2025-12-14 17:46:53.713739,42,60,0.35,2.0,True,0.3,120
0.7764227642276422,0.5,,,0.56,True,0.1,tp_count,logreg,tree,0.3,,,,,,,,,,,0.5041428435847826,0.4320987654320987,v0_bt,0.7954545454545454,0.8501350135013501,2025-12-14 17:47:36.811619,42,75,0.3,2.0,True,0.3,150
0.8577235772357723,0.5,,,0.7058823529411765,True,0.1,tp_count,rf,tree,,,,5.0,log2,2.0,10.0,300.0,,,,0.6771276846967047,0.56,v0_bt,0.9545454545454546,0.9297929792979298,2025-12-14 17:47:36.811619,42,75,0.2,2.0,True,0.3,150
0.8455284552845529,0.5,,,0.6346153846153846,True,0.1,tp_count,xgb,tree,,0.8,0.05,3.0,,,,500.0,,3.0,0.8,0.6495735122681213,0.55,v0_bt,0.75,0.9121287128712872,2025-12-14 17:47:36.811619,42,75,0.05,2.0,True,0.3,150
0.8943089430894309,0.5,,,0.7291666666666666,True,0.1,tp_count,lgbm,tree,,1.0,0.01,,,,,300.0,15.0,,0.8,0.7082740592037373,0.6730769230769231,v0_bt,0.7954545454545454,0.9414941494149414,2025-12-14 17:47:36.811619,42,75,0.35,2.0,True,0.3,150
0.776255707762557,0.5,,,0.4615384615384615,True,0.1,tp_count,logreg,tree,0.01,,,,,,,,,,,0.4731246023403601,0.375,v0_bt,0.6,0.8072981366459628,2025-12-14 17:48:42.683853,42,30,0.55,3.0,True,0.3,60
0.8401826484018264,0.5,,,0.6534653465346535,True,0.1,tp_count,rf,tree,,,,5.0,log2,4.0,10.0,200.0,,,,0.6240950532464048,0.5,v0_bt,0.9428571428571428,0.923330745341615,2025-12-14 17:48:42.683853,42,30,0.25,3.0,True,0.3,60
0.8789954337899544,0.5,,,0.6666666666666666,True,0.1,tp_count,xgb,tree,,0.8,0.05,3.0,,,,500.0,,3.0,0.8,0.6519592956175709,0.5955056179775281,v0_bt,0.7571428571428571,0.9279503105590062,2025-12-14 17:48:42.683853,42,30,0.15,3.0,True,0.3,60
0.8858447488584474,0.5,,,0.647887323943662,True,0.1,tp_count,lgbm,tree,,0.8,0.05,,,,,500.0,63.0,,0.6,0.6558304110771915,0.6388888888888888,v0_bt,0.6571428571428571,0.9298136645962732,2025-12-14 17:48:42.683853,42,30,0.05,3.0,True,0.3,60
0.8059701492537313,0.5,,,0.5454545454545454,True,0.1,tp_count,logreg,tree,0.1,,,,,,,,,,,0.4647418490965468,0.4333333333333333,v0_bt,0.7358490566037735,0.8613006824568445,2025-12-14 17:49:34.699791,42,45,0.5,3.0,True,0.3,90
0.8895522388059701,0.5,,,0.6942148760330579,True,0.1,tp_count,rf,tree,,,,5.0,log2,4.0,2.0,200.0,,,,0.6208714770009657,0.6176470588235294,v0_bt,0.7924528301886793,0.929278736785762,2025-12-14 17:49:34.699791,42,45,0.55,3.0,True,0.3,90
0.8567164179104477,0.5,,,0.6571428571428571,True,0.1,tp_count,xgb,tree,,1.0,0.05,4.0,,,,300.0,,5.0,0.6,0.6480274794399817,0.5287356321839081,v0_bt,0.8679245283018868,0.9258664525625584,2025-12-14 17:49:34.699791,42,45,0.05,3.0,True,0.3,90
0.8925373134328358,0.5,,,0.6538461538461539,True,0.1,tp_count,lgbm,tree,,0.8,0.01,,,,,200.0,15.0,,0.6,0.6692201647677822,0.6666666666666666,v0_bt,0.6415094339622641,0.9258664525625584,2025-12-14 17:49:34.699791,42,45,0.65,3.0,True,0.3,90
0.8156028368794326,0.5,,,0.5,True,0.1,tp_count,logreg,tree,0.01,,,,,,,,,,,0.4339557574017901,0.4561403508771929,v0_bt,0.5531914893617021,0.8117700316885469,2025-12-14 17:50:21.874626,42,60,0.6000000000000001,3.0,True,0.3,120
0.851063829787234,0.5,,,0.6911764705882353,True,0.1,tp_count,rf,tree,,,,5.0,0.5,1.0,2.0,500.0,,,,0.6646716149946494,0.5280898876404494,v0_bt,1.0,0.9281122679945676,2025-12-14 17:50:21.874626,42,60,0.1,3.0,True,0.3,120
0.8829787234042553,0.5,,,0.6732673267326733,True,0.1,tp_count,xgb,tree,,1.0,0.05,5.0,,,,200.0,,7.0,0.6,0.6814873314410144,0.6296296296296297,v0_bt,0.723404255319149,0.931009506564056,2025-12-14 17:50:21.874626,42,60,0.3,3.0,True,0.3,120
0.8581560283687943,0.5,,,0.6825396825396826,True,0.1,tp_count,lgbm,tree,,1.0,0.01,,,,,200.0,31.0,,0.6,0.6547527600182398,0.5443037974683544,v0_bt,0.9148936170212766,0.9225894069714804,2025-12-14 17:50:21.874626,42,60,0.25,3.0,True,0.3,120
0.8252032520325203,0.5,,,0.4941176470588235,True,0.1,tp_count,logreg,tree,0.01,,,,,,,,,,,0.4418628051478135,0.4772727272727273,v0_bt,0.5121951219512195,0.8309339678762642,2025-12-14 17:51:05.060435,42,75,0.6000000000000001,3.0,True,0.3,150
0.8536585365853658,0.5,,,0.6842105263157895,True,0.1,tp_count,rf,tree,,,,5.0,log2,4.0,10.0,200.0,,,,0.6604070240173217,0.5342465753424658,v0_bt,0.951219512195122,0.9311124330755502,2025-12-14 17:51:05.060435,42,75,0.2,3.0,True,0.3,150
0.8536585365853658,0.5,,,0.6538461538461539,True,0.1,tp_count,xgb,tree,,1.0,0.05,4.0,,,,300.0,,5.0,0.6,0.6783094050276886,0.5396825396825397,v0_bt,0.8292682926829268,0.923022010707912,2025-12-14 17:51:05.060435,42,75,0.05,3.0,True,0.3,150
0.8943089430894309,0.5,,,0.6829268292682927,True,0.1,tp_count,lgbm,tree,,1.0,0.05,,,,,500.0,63.0,,1.0,0.6982629246711618,0.6829268292682927,v0_bt,0.6829268292682927,0.9267102914931588,2025-12-14 17:51:05.060435,42,75,0.05,3.0,True,0.3,150
0.8538812785388128,0.5,,,0.5675675675675675,True,0.1,tp_count,logreg,tree,0.1,,,,,,,,,,,0.5418729159322216,0.4516129032258064,v0_bt,0.7636363636363637,0.90201756468075,2025-12-14 17:52:08.353199,42,30,0.6000000000000001,5.0,True,0.3,60
0.8926940639269406,0.5,,,0.6713286713286714,True,0.1,tp_count,rf,tree,,,,5.0,log2,4.0,2.0,200.0,,,,0.6189998756720174,0.5454545454545454,v0_bt,0.8727272727272727,0.94298599572751,2025-12-14 17:52:08.353199,42,30,0.55,5.0,True,0.3,60
0.91324200913242,0.5,,,0.7121212121212122,True,0.1,tp_count,xgb,tree,,1.0,0.05,4.0,,,,300.0,,5.0,0.6,0.6306277138277094,0.6103896103896104,v0_bt,0.8545454545454545,0.9482553999525278,2025-12-14 17:52:08.353199,42,30,0.3,5.0,True,0.3,60
0.908675799086758,0.5,,,0.7058823529411765,True,0.1,tp_count,lgbm,tree,,0.8,0.05,,,,,500.0,63.0,,0.6,0.6344757826027718,0.5925925925925926,v0_bt,0.8727272727272727,0.9452646570140042,2025-12-14 17:52:08.353199,42,30,0.1,5.0,True,0.3,60
0.8328358208955224,0.5,,,0.5483870967741935,True,0.1,tp_count,logreg,tree,0.1,,,,,,,,,,,0.4689293161321674,0.4415584415584415,v0_bt,0.723404255319149,0.8727836879432624,2025-12-14 17:53:00.155767,42,45,0.55,5.0,True,0.3,90
0.8955223880597015,0.5,,,0.6956521739130435,True,0.1,tp_count,rf,tree,,,,5.0,log2,4.0,10.0,200.0,,,,0.6069222869968377,0.5882352941176471,v0_bt,0.851063829787234,0.937573877068558,2025-12-14 17:53:00.155767,42,45,0.5,5.0,True,0.3,90
0.9044776119402984,0.5,,,0.68,True,0.1,tp_count,xgb,tree,,1.0,0.02,3.0,,,,300.0,,3.0,1.0,0.6289236869369523,0.6415094339622641,v0_bt,0.723404255319149,0.9367612293144209,2025-12-14 17:53:00.155767,42,45,0.7000000000000001,5.0,True,0.3,90
0.8985074626865671,0.5,,,0.7068965517241379,True,0.1,tp_count,lgbm,tree,,1.0,0.01,,,,,200.0,31.0,,0.6,0.5944287098888869,0.5942028985507246,v0_bt,0.8723404255319149,0.937647754137116,2025-12-14 17:53:00.155767,42,45,0.4,5.0,True,0.3,90
0.8333333333333334,0.5,,,0.5346534653465347,True,0.1,tp_count,logreg,tree,0.1,,,,,,,,,,,0.4796600104068028,0.4285714285714285,v0_bt,0.7105263157894737,0.8679896462467644,2025-12-14 17:53:45.209965,42,60,0.5,5.0,True,0.3,120
0.8936170212765957,0.5,,,0.6739130434782609,True,0.1,tp_count,rf,tree,,,,5.0,log2,1.0,10.0,500.0,,,,0.5993493593225717,0.5740740740740741,v0_bt,0.8157894736842105,0.934102674719586,2025-12-14 17:53:45.209965,42,60,0.45,5.0,True,0.3,120
0.9113475177304964,0.5,,,0.6987951807228916,True,0.1,tp_count,xgb,tree,,0.8,0.01,3.0,,,,500.0,,7.0,0.6,0.662831359211738,0.6444444444444445,v0_bt,0.7631578947368421,0.9465056082830026,2025-12-14 17:53:45.209965,42,60,0.5,5.0,True,0.3,120
0.8971631205673759,0.5,,,0.6947368421052632,True,0.1,tp_count,lgbm,tree,,0.8,0.01,,,,,200.0,15.0,,0.6,0.6634513914611664,0.5789473684210527,v0_bt,0.868421052631579,0.9443485763589302,2025-12-14 17:53:45.209965,42,60,0.4,5.0,True,0.3,120
0.8455284552845529,0.5,,,0.5869565217391305,True,0.1,tp_count,logreg,tree,0.1,,,,,,,,,,,0.5138467949064913,0.4736842105263157,v0_bt,0.7714285714285715,0.8786729857819906,2025-12-14 17:54:29.062072,42,75,0.45,5.0,True,0.3,150
0.9065040650406504,0.5,,,0.7160493827160493,True,0.1,tp_count,rf,tree,,,,5.0,log2,4.0,10.0,200.0,,,,0.6352441222247315,0.6304347826086957,v0_bt,0.8285714285714286,0.937711577522004,2025-12-14 17:54:29.062072,42,75,0.45,5.0,True,0.3,150
0.8902439024390244,0.5,,,0.6746987951807228,True,0.1,tp_count,xgb,tree,,1.0,0.05,4.0,,,,300.0,,5.0,0.6,0.6907798739659138,0.5833333333333334,v0_bt,0.8,0.9433987813134732,2025-12-14 17:54:29.062072,42,75,0.1,5.0,True,0.3,150
0.9065040650406504,0.5,,,0.7160493827160493,True,0.1,tp_count,lgbm,tree,,0.8,0.02,,,,,200.0,15.0,,1.0,0.7282984497223086,0.6304347826086957,v0_bt,0.8285714285714286,0.9496276235612728,2025-12-14 17:54:29.062072,42,75,0.35,5.0,True,0.3,150
0.545662100456621,0.5,0.1,,0.4884318766066838,True,0.1,event_frac,logreg,tree,0.01,,,,,,,,,,,0.3971943617963128,0.3682170542635659,v0_bt,0.7251908396946565,0.633513190939155,2025-12-14 17:55:39.335860,42,30,0.45,,True,0.3,60
0.776255707762557,0.5,0.1,,0.6016260162601627,True,0.1,event_frac,rf,tree,,,,5.0,0.5,2.0,2.0,200.0,,,,0.5846789743826605,0.6434782608695652,v0_bt,0.5648854961832062,0.7437650744709948,2025-12-14 17:55:39.335860,42,30,0.5,,True,0.3,60
0.6986301369863014,0.5,0.1,,0.5714285714285714,True,0.1,event_frac,xgb,tree,,0.8,0.05,5.0,,,,500.0,,3.0,0.8,0.5770119855439122,0.4971751412429379,v0_bt,0.6717557251908397,0.7201183579083472,2025-12-14 17:55:39.335860,42,30,0.05,,True,0.3,60
0.7511415525114156,0.5,0.1,,0.5977859778597786,True,0.1,event_frac,lgbm,tree,,0.6,0.01,,,,,200.0,31.0,,1.0,0.6114181078612569,0.5785714285714286,v0_bt,0.6183206106870229,0.7583857572668276,2025-12-14 17:55:39.335860,42,30,0.4,,True,0.3,60
0.5582089552238806,0.5,0.1,,0.5033557046979866,True,0.1,event_frac,logreg,tree,0.01,,,,,,,,,,,0.4392907903059097,0.3807106598984771,v0_bt,0.7425742574257426,0.6471608699331471,2025-12-14 17:56:36.860426,42,45,0.45,,True,0.3,90
0.808955223880597,0.5,0.1,,0.673469387755102,True,0.1,event_frac,rf,tree,,,,20.0,sqrt,4.0,5.0,500.0,,,,0.6313556402542781,0.6947368421052632,v0_bt,0.6534653465346535,0.7834475755267836,2025-12-14 17:56:36.860426,42,45,0.4,,True,0.3,90
0.755223880597015,0.5,0.1,,0.6132075471698113,True,0.1,event_frac,xgb,tree,,0.8,0.05,5.0,,,,200.0,,5.0,0.8,0.5918507843848518,0.5855855855855856,v0_bt,0.6435643564356436,0.7523483117542524,2025-12-14 17:56:36.860426,42,45,0.25,,True,0.3,90
0.7611940298507462,0.5,0.1,,0.6460176991150443,True,0.1,event_frac,lgbm,tree,,0.8,0.01,,,,,200.0,63.0,,1.0,0.6382286273410288,0.584,v0_bt,0.7227722772277227,0.7761276127612762,2025-12-14 17:56:36.860426,42,45,0.4,,True,0.3,90
0.5886524822695035,0.5,0.1,,0.5166666666666667,True,0.1,event_frac,logreg,tree,0.01,,,,,,,,,,,0.4315614629048702,0.4025974025974026,v0_bt,0.7209302325581395,0.6586378737541528,2025-12-14 17:57:27.576055,42,60,0.45,,True,0.3,120
0.7943262411347518,0.5,0.1,,0.618421052631579,True,0.1,event_frac,rf,tree,,,,5.0,log2,4.0,2.0,200.0,,,,0.6084002584094754,0.7121212121212122,v0_bt,0.5465116279069767,0.7539155196962507,2025-12-14 17:57:27.576055,42,60,0.5,,True,0.3,120
0.6879432624113475,0.5,0.1,,0.5643564356435643,True,0.1,event_frac,xgb,tree,,0.8,0.05,5.0,,,,200.0,,9.0,1.0,0.5696079696190044,0.4913793103448275,v0_bt,0.6627906976744186,0.7060393925011865,2025-12-14 17:57:27.576055,42,60,0.2,,True,0.3,120
0.6879432624113475,0.5,0.1,,0.5849056603773585,True,0.1,event_frac,lgbm,tree,,0.8,0.01,,,,,500.0,63.0,,0.6,0.5975911486125649,0.492063492063492,v0_bt,0.7209302325581395,0.7324394874228761,2025-12-14 17:57:27.576055,42,60,0.15,,True,0.3,120
0.5853658536585366,0.5,0.1,,0.5096153846153846,True,0.1,event_frac,logreg,tree,0.01,,,,,,,,,,,0.4331506931130487,0.3984962406015037,v0_bt,0.7066666666666667,0.6660428849902534,2025-12-14 17:58:12.073284,42,75,0.45,,True,0.3,150
0.7886178861788617,0.5,0.1,,0.6666666666666666,True,0.1,event_frac,rf,tree,,,,10.0,sqrt,4.0,10.0,200.0,,,,0.6731836791127511,0.6419753086419753,v0_bt,0.6933333333333334,0.8081871345029241,2025-12-14 17:58:12.073284,42,75,0.35,,True,0.3,150
0.7682926829268293,0.5,0.1,,0.5777777777777777,True,0.1,event_frac,xgb,tree,,0.8,0.05,3.0,,,,500.0,,3.0,0.8,0.5566450762904929,0.65,v0_bt,0.52,0.7083820662768032,2025-12-14 17:58:12.073284,42,75,0.3,,True,0.3,150
0.7560975609756098,0.5,0.1,,0.5454545454545454,True,0.1,event_frac,lgbm,tree,,0.8,0.05,,,,,500.0,63.0,,0.6,0.5709693485674155,0.631578947368421,v0_bt,0.48,0.7246783625730995,2025-12-14 17:58:12.073284,42,75,0.1,,True,0.3,150
0.4794520547945205,0.5,0.2,,0.4864864864864865,True,0.1,event_frac,logreg,tree,0.01,,,,,,,,,,,0.3970218014726329,0.3428571428571428,v0_bt,0.8372093023255814,0.6418805348586337,2025-12-14 17:59:23.290714,42,30,0.4,,True,0.3,60
0.7808219178082192,0.5,0.2,,0.6033057851239669,True,0.1,event_frac,rf,tree,,,,5.0,0.5,1.0,2.0,500.0,,,,0.5842922100894385,0.6460176991150443,v0_bt,0.5658914728682171,0.7513609794034269,2025-12-14 17:59:23.290714,42,30,0.5,,True,0.3,60
0.7557077625570776,0.5,0.2,,0.5962264150943396,True,0.1,event_frac,xgb,tree,,0.8,0.05,5.0,,,,200.0,,9.0,1.0,0.5948360600079662,0.5808823529411765,v0_bt,0.6124031007751938,0.7448884874940418,2025-12-14 17:59:23.290714,42,30,0.2,,True,0.3,60
0.7534246575342466,0.5,0.2,,0.6029411764705882,True,0.1,event_frac,lgbm,tree,,0.8,0.01,,,,,200.0,63.0,,1.0,0.6234185690520135,0.5734265734265734,v0_bt,0.6356589147286822,0.7639798299089335,2025-12-14 17:59:23.290714,42,30,0.4,,True,0.3,60
0.4776119402985074,0.5,0.2,,0.5014245014245015,True,0.1,event_frac,logreg,tree,0.01,,,,,,,,,,,0.4371708061972974,0.350597609561753,v0_bt,0.88,0.6527234042553192,2025-12-14 18:00:20.676182,42,45,0.35,,True,0.3,90
0.7880597014925373,0.5,0.2,,0.6395939086294417,True,0.1,event_frac,rf,tree,,,,20.0,log2,4.0,10.0,500.0,,,,0.6183378542365253,0.6494845360824743,v0_bt,0.63,0.7783404255319148,2025-12-14 18:00:20.676182,42,45,0.4,,True,0.3,90
0.6955223880597015,0.5,0.2,,0.5984251968503937,True,0.1,event_frac,xgb,tree,,0.6,0.1,4.0,,,,200.0,,5.0,0.6,0.5814728219649636,0.4935064935064935,v0_bt,0.76,0.746,2025-12-14 18:00:20.676182,42,45,0.1,,True,0.3,90
0.7850746268656716,0.5,0.2,,0.6727272727272727,True,0.1,event_frac,lgbm,tree,,0.6,0.01,,,,,200.0,31.0,,1.0,0.6211118091334223,0.6166666666666667,v0_bt,0.74,0.7707234042553192,2025-12-14 18:00:20.676182,42,45,0.4,,True,0.3,90
0.5886524822695035,0.5,0.2,,0.5166666666666667,True,0.1,event_frac,logreg,tree,0.01,,,,,,,,,,,0.4420035103651871,0.4,v0_bt,0.7294117647058823,0.6653926545237384,2025-12-14 18:01:10.694624,42,60,0.45,,True,0.3,120
0.723404255319149,0.5,0.2,,0.6060606060606061,True,0.1,event_frac,rf,tree,,,,10.0,sqrt,1.0,2.0,500.0,,,,0.6283132030793545,0.5309734513274337,v0_bt,0.7058823529411765,0.7537175276201851,2025-12-14 18:01:10.694624,42,60,0.25,,True,0.3,120
0.7304964539007093,0.5,0.2,,0.5824175824175825,True,0.1,event_frac,xgb,tree,,1.0,0.05,5.0,,,,200.0,,7.0,0.6,0.5894710012462948,0.5463917525773195,v0_bt,0.6235294117647059,0.7137055837563452,2025-12-14 18:01:10.694624,42,60,0.25,,True,0.3,120
0.7695035460992907,0.5,0.2,,0.6285714285714286,True,0.1,event_frac,lgbm,tree,,0.6,0.01,,,,,200.0,31.0,,1.0,0.6377212755880661,0.6111111111111112,v0_bt,0.6470588235294118,0.7711555688265154,2025-12-14 18:01:10.694624,42,60,0.45,,True,0.3,120
0.5894308943089431,0.5,0.2,,0.5120772946859904,True,0.1,event_frac,logreg,tree,0.01,,,,,,,,,,,0.4393799658849459,0.3984962406015037,v0_bt,0.7162162162162162,0.6687617850408548,2025-12-14 18:01:55.214625,42,75,0.45,,True,0.3,150
0.7967479674796748,0.5,0.2,,0.6376811594202898,True,0.1,event_frac,rf,tree,,,,20.0,log2,4.0,10.0,500.0,,,,0.6566820406991453,0.6875,v0_bt,0.5945945945945946,0.7918761785040854,2025-12-14 18:01:55.214625,42,75,0.4,,True,0.3,150
0.7642276422764228,0.5,0.2,,0.5857142857142857,True,0.1,event_frac,xgb,tree,,0.6,0.1,4.0,,,,200.0,,5.0,0.6,0.5899006406679701,0.6212121212121212,v0_bt,0.5540540540540541,0.7168447517284726,2025-12-14 18:01:55.214625,42,75,0.3,,True,0.3,150
0.7479674796747967,0.5,0.2,,0.5571428571428572,True,0.1,event_frac,lgbm,tree,,1.0,0.05,,,,,500.0,63.0,,1.0,0.5615668813042747,0.5909090909090909,v0_bt,0.527027027027027,0.7127592708988058,2025-12-14 18:01:55.214625,42,75,0.05,,True,0.3,150
0.5502283105022832,0.5,0.3,,0.4961636828644501,True,0.1,event_frac,logreg,tree,0.01,,,,,,,,,,,0.3952530276496236,0.3688212927756654,v0_bt,0.7578125,0.6442036290322581,2025-12-14 18:03:05.641807,42,30,0.45,,True,0.3,60
0.776255707762557,0.5,0.3,,0.5950413223140496,True,0.1,event_frac,rf,tree,,,,5.0,0.5,2.0,2.0,200.0,,,,0.5653604932370545,0.631578947368421,v0_bt,0.5625,0.741305443548387,2025-12-14 18:03:05.641807,42,30,0.5,,True,0.3,60
0.7397260273972602,0.5,0.3,,0.5581395348837209,True,0.1,event_frac,xgb,tree,,0.8,0.05,5.0,,,,500.0,,3.0,0.8,0.5490000140263049,0.5538461538461539,v0_bt,0.5625,0.718422379032258,2025-12-14 18:03:05.641807,42,30,0.1,,True,0.3,60
0.7191780821917808,0.5,0.3,,0.5743944636678201,True,0.1,event_frac,lgbm,tree,,1.0,0.01,,,,,200.0,31.0,,0.6,0.5871500572715278,0.515527950310559,v0_bt,0.6484375,0.7388608870967743,2025-12-14 18:03:05.641807,42,30,0.35,,True,0.3,60
0.4746268656716418,0.5,0.3,,0.4971428571428571,True,0.1,event_frac,logreg,tree,0.01,,,,,,,,,,,0.4430953551513854,0.3466135458167331,v0_bt,0.8787878787878788,0.6529703817839412,2025-12-14 18:04:02.483038,42,45,0.35,,True,0.3,90
0.7970149253731343,0.5,0.3,,0.6421052631578947,True,0.1,event_frac,rf,tree,,,,5.0,log2,2.0,10.0,300.0,,,,0.598100250305629,0.6703296703296703,v0_bt,0.6161616161616161,0.7821862694744052,2025-12-14 18:04:02.483038,42,45,0.45,,True,0.3,90
0.6626865671641791,0.5,0.3,,0.5767790262172284,True,0.1,event_frac,xgb,tree,,0.8,0.05,5.0,,,,200.0,,9.0,1.0,0.5595496030649408,0.4583333333333333,v0_bt,0.7777777777777778,0.7371169320321862,2025-12-14 18:04:02.483038,42,45,0.1,,True,0.3,90
0.7611940298507462,0.5,0.3,,0.6296296296296297,True,0.1,event_frac,lgbm,tree,,1.0,0.01,,,,,200.0,31.0,,0.6,0.6125989508039196,0.5811965811965812,v0_bt,0.6868686868686869,0.7693032015065913,2025-12-14 18:04:02.483038,42,45,0.4,,True,0.3,90
0.4645390070921986,0.5,0.3,,0.4983388704318937,True,0.1,event_frac,logreg,tree,0.01,,,,,,,,,,,0.4260824703267503,0.3440366972477064,v0_bt,0.9036144578313252,0.6617424471756371,2025-12-14 18:04:52.372590,42,60,0.3,,True,0.3,120
0.7553191489361702,0.5,0.3,,0.5964912280701754,True,0.1,event_frac,rf,tree,,,,10.0,sqrt,1.0,2.0,500.0,,,,0.5991926775615508,0.5795454545454546,v0_bt,0.6144578313253012,0.7475328449476297,2025-12-14 18:04:52.372590,42,60,0.3,,True,0.3,120
0.6843971631205674,0.5,0.3,,0.5615763546798029,True,0.1,event_frac,xgb,tree,,0.6,0.1,4.0,,,,200.0,,5.0,0.6,0.5237440609426319,0.475,v0_bt,0.6867469879518072,0.6934673366834171,2025-12-14 18:04:52.372590,42,60,0.1,,True,0.3,120
0.7695035460992907,0.5,0.3,,0.6198830409356725,True,0.1,event_frac,lgbm,tree,,0.6,0.01,,,,,200.0,31.0,,1.0,0.594271647358138,0.6022727272727273,v0_bt,0.6385542168674698,0.7540110189501726,2025-12-14 18:04:52.372590,42,60,0.45,,True,0.3,120
0.6056910569105691,0.5,0.3,,0.5125628140703518,True,0.1,event_frac,logreg,tree,0.01,,,,,,,,,,,0.430045927189003,0.4015748031496063,v0_bt,0.7083333333333334,0.6734514687100893,2025-12-14 18:05:38.324304,42,75,0.45,,True,0.3,150
0.7398373983739838,0.5,0.3,,0.6190476190476191,True,0.1,event_frac,rf,tree,,,,20.0,log2,4.0,10.0,500.0,,,,0.6486482337345886,0.5416666666666666,v0_bt,0.7222222222222222,0.7867975734355045,2025-12-14 18:05:38.324304,42,75,0.3,,True,0.3,150
0.7520325203252033,0.5,0.3,,0.6013071895424836,True,0.1,event_frac,xgb,tree,,0.8,0.05,3.0,,,,500.0,,3.0,0.8,0.5752259274895171,0.5679012345679012,v0_bt,0.6388888888888888,0.7216634738186462,2025-12-14 18:05:38.324304,42,75,0.15,,True,0.3,150
0.7520325203252033,0.5,0.3,,0.5906040268456376,True,0.1,event_frac,lgbm,tree,,0.8,0.01,,,,,500.0,15.0,,0.6,0.6115992756187218,0.5714285714285714,v0_bt,0.6111111111111112,0.7436941251596424,2025-12-14 18:05:38.324304,42,75,0.3,,True,0.3,150
0.5570776255707762,0.5,0.5,,0.4947916666666667,True,0.1,event_frac,logreg,tree,0.01,,,,,,,,,,,0.3892915312137596,0.3667953667953668,v0_bt,0.76,0.648664536741214,2025-12-14 18:06:49.301650,42,30,0.45,,True,0.3,60
0.769406392694064,0.5,0.5,,0.5738396624472574,True,0.1,event_frac,rf,tree,,,,5.0,0.5,2.0,2.0,200.0,,,,0.5423998267169557,0.6071428571428571,v0_bt,0.544,0.741623003194888,2025-12-14 18:06:49.301650,42,30,0.5,,True,0.3,60
0.6461187214611872,0.5,0.5,,0.5201238390092879,True,0.1,event_frac,xgb,tree,,0.8,0.05,5.0,,,,200.0,,9.0,1.0,0.5273985837882185,0.4242424242424242,v0_bt,0.672,0.699297124600639,2025-12-14 18:06:49.301650,42,30,0.1,,True,0.3,60
0.7328767123287672,0.5,0.5,,0.5745454545454546,True,0.1,event_frac,lgbm,tree,,0.6,0.01,,,,,200.0,31.0,,1.0,0.5639994084970337,0.5266666666666666,v0_bt,0.632,0.7495974440894569,2025-12-14 18:06:49.301650,42,30,0.35,,True,0.3,60
0.5552238805970149,0.5,0.5,,0.4983164983164983,True,0.1,event_frac,logreg,tree,0.01,,,,,,,,,,,0.4360636760802532,0.37,v0_bt,0.7628865979381443,0.65875422333882,2025-12-14 18:07:48.339799,42,45,0.45,,True,0.3,90
0.7671641791044777,0.5,0.5,,0.6320754716981132,True,0.1,event_frac,rf,tree,,,,5.0,0.5,2.0,2.0,200.0,,,,0.5935423227900167,0.5826086956521739,v0_bt,0.6907216494845361,0.7727193970371654,2025-12-14 18:07:48.339799,42,45,0.4,,True,0.3,90
0.6805970149253732,0.5,0.5,,0.5900383141762452,True,0.1,event_frac,xgb,tree,,0.8,0.05,5.0,,,,200.0,,5.0,0.8,0.5469121947922367,0.4695121951219512,v0_bt,0.7938144329896907,0.7364203413324092,2025-12-14 18:07:48.339799,42,45,0.1,,True,0.3,90
0.7701492537313432,0.5,0.5,,0.6350710900473934,True,0.1,event_frac,lgbm,tree,,1.0,0.01,,,,,200.0,31.0,,0.6,0.5853196458490294,0.5877192982456141,v0_bt,0.6907216494845361,0.752274105518496,2025-12-14 18:07:48.339799,42,45,0.4,,True,0.3,90
0.4645390070921986,0.5,0.5,,0.4949832775919732,True,0.1,event_frac,logreg,tree,0.01,,,,,,,,,,,0.4266751316445618,0.3378995433789954,v0_bt,0.925,0.6652227722772277,2025-12-14 18:08:37.257389,42,60,0.3,,True,0.3,120
0.7411347517730497,0.5,0.5,,0.5828571428571429,True,0.1,event_frac,rf,tree,,,,5.0,log2,4.0,10.0,200.0,,,,0.5801287903459591,0.5368421052631579,v0_bt,0.6375,0.7599009900990099,2025-12-14 18:08:37.257389,42,60,0.4,,True,0.3,120
0.7304964539007093,0.5,0.5,,0.5476190476190477,True,0.1,event_frac,xgb,tree,,1.0,0.05,4.0,,,,300.0,,5.0,0.6,0.5543808656983016,0.5227272727272727,v0_bt,0.575,0.6948638613861386,2025-12-14 18:08:37.257389,42,60,0.2,,True,0.3,120
0.7269503546099291,0.5,0.5,,0.574585635359116,True,0.1,event_frac,lgbm,tree,,0.6,0.01,,,,,200.0,31.0,,1.0,0.5715980659619553,0.5148514851485149,v0_bt,0.65,0.7412747524752475,2025-12-14 18:08:37.257389,42,60,0.4,,True,0.3,120
0.6504065040650406,0.5,0.5,,0.5,True,0.1,event_frac,logreg,tree,0.01,,,,,,,,,,,0.43236796372088115,0.4215686274509804,v0_bt,0.6142857142857143,0.6788149350649352,2025-12-14 18:09:22.731578,42,75,0.5,,True,0.3,150
0.7195121951219512,0.5,0.5,,0.6101694915254238,True,0.1,event_frac,rf,tree,,,,5.0,log2,2.0,10.0,300.0,,,,0.6250072504556548,0.5046728971962616,v0_bt,0.7714285714285715,0.7786525974025975,2025-12-14 18:09:22.731578,42,75,0.30000000000000004,,True,0.3,150
0.7723577235772358,0.5,0.5,,0.5942028985507246,True,0.1,event_frac,xgb,tree,,1.0,0.05,4.0,,,,300.0,,5.0,0.6,0.6204233515778437,0.6029411764705882,v0_bt,0.5857142857142857,0.7434253246753245,2025-12-14 18:09:22.731578,42,75,0.2,,True,0.3,150
0.7642276422764228,0.5,0.5,,0.5735294117647058,True,0.1,event_frac,lgbm,tree,,1.0,0.02,,,,,500.0,31.0,,1.0,0.5937669230158258,0.5909090909090909,v0_bt,0.5571428571428572,0.7395292207792208,2025-12-14 18:09:22.731578,42,75,0.2,,True,0.3,150
